Feature,Judge_Coef,Fan_Coef,Same_Direction
Week,4.571238397762828,0.0038092806840712627,True
Season,-0.07310376998355972,-0.013919227228219028,True
J% (skill),1.0,0.0006716667381017286,True
Pro Effect Corr,1.0,0.401637979870455,True
