Feature,Judge_Coef,Fan_Coef,Same_Direction
Week,4.571238397762828,0.004983692537942317,True
Season,-0.07310376998355972,-0.013889008217619285,True
J% (skill),1.0,0.0007997904740390561,True
Pro Effect Corr,1.0,0.4159772722804531,True
