Feature,Judge_Coef,Fan_Coef,Same_Direction
Week,4.571238397762828,0.005365003402318616,True
Season,-0.07310376998355972,-0.01390571330984788,True
J% (skill),1.0,0.0008549040673879443,True
Pro Effect Corr,1.0,0.42700760573586083,True
