Feature,Judge_Coef,Fan_Coef,Same_Direction
Week,4.571238397762828,0.005590765199877756,True
Season,-0.07310376998355972,-0.013808086963306971,True
J% (skill),1.0,0.000683033018461069,True
Pro Effect Corr,1.0,0.4141042780748663,True
