{
  "total_seasons": 34,
  "total_contestants": 421,
  "total_observations": 2777,
  "avg_pbi": -0.8795273741829561,
  "max_pbi": 6.0,
  "min_pbi": -8.5,
  "prediction_accuracy": 0.9523809523809523,
  "rank_jfi": 0.7417086455875881,
  "rank_ffi": 0.7189370602818929,
  "pct_jfi": 0.38478023992745625,
  "pct_ffi": 0.7676470588235293,
  "extreme_events": 2,
  "controversial_winners": 3
}