{
  "total_seasons": 34,
  "total_contestants": 421,
  "total_observations": 2777,
  "avg_pbi": -0.8795273741829561,
  "max_pbi": 6.0,
  "min_pbi": -8.5,
  "prediction_accuracy": 0.9523809523809523,
  "rank_jfi": 0.7417086455875881,
  "rank_ffi": 0.7189370602818929,
  "pct_jfi": 0.38478023992745625,
  "pct_ffi": 0.7676470588235293,
  "extreme_events": 2,
  "controversial_winners": 3,
  "supplementary": {
    "cv_mean": 0.6192005370590097,
    "posterior_consistency_P_bar": 0.6511972789115646,
    "kendall_tau_rank": 0.6045980676572924,
    "kendall_tau_pct": 0.42348071299251766,
    "kendall_tau_rank_filled": 0.6045980676572924,
    "kendall_tau_pct_filled": 0.4234807129925176,
    "top3_overlap_mean": 2.6176470588235294,
    "top3_jaccard_mean": 0.8382352941176471,
    "seasons_with_potential_saves": 28,
    "seasons_save_affects_top3": 18,
    "total_potential_saves": 45,
    "new_strategy_avg_diff": 5.911764705882353
  }
}