{
  "total_seasons": 34,
  "total_contestants": 421,
  "total_observations": 2777,
  "avg_pbi": -0.8795273741829561,
  "max_pbi": 6.0,
  "min_pbi": -8.5,
  "prediction_accuracy": 0.9523809523809523,
  "rank_jfi": 0.6581443056595712,
  "rank_ffi": 0.725087051621493,
  "pct_jfi": 0.4110743970097085,
  "pct_ffi": 0.7823529411764705,
  "extreme_events": 2,
  "controversial_winners": 3
}