{
  "judge_model": {
    "coefficients": {
      "Intercept": 62.04963157206751,
      "Week": 4.571238397762828,
      "Week\u00b2": -0.1443465631400005,
      "Season": -0.07310376998355972
    },
    "std_errors": {
      "Intercept": 0.8220407543533981,
      "Week": 0.31760745499709164,
      "Week\u00b2": 0.029696891580534745,
      "Season": 0.022972648631795864
    },
    "r_squared": 0.35177723685021434
  },
  "fan_model": {
    "coefficients": {
      "Intercept": -2.275729314617564,
      "Week": 0.004983692537942317,
      "Week\u00b2": 0.012134701945629631,
      "J%": 0.0007997904740390561,
      "Season": -0.013889008217619285
    },
    "std_errors": {
      "Intercept": 0.05464604196283534,
      "Week": 0.012523281864442877,
      "Week\u00b2": 0.0011343225032035742,
      "J%": 0.0007222846012442274,
      "Season": 0.0008753583842160984
    },
    "r_squared": 0.44273659300862267,
    "eta": 0.0007997904740390561
  }
}