{
  "judge_model": {
    "coefficients": {
      "Intercept": 62.04963157206751,
      "Week": 4.571238397762828,
      "Week\u00b2": -0.1443465631400005,
      "Season": -0.07310376998355972
    },
    "std_errors": {
      "Intercept": 0.8220407543533981,
      "Week": 0.31760745499709164,
      "Week\u00b2": 0.029696891580534745,
      "Season": 0.022972648631795864
    },
    "r_squared": 0.35177723685021434
  },
  "fan_model": {
    "coefficients": {
      "Intercept": -2.2705864368985536,
      "Week": 0.005590765199877756,
      "Week\u00b2": 0.012143366763195294,
      "J%": 0.000683033018461069,
      "Season": -0.013808086963306971
    },
    "std_errors": {
      "Intercept": 0.05428822635918901,
      "Week": 0.012441280945455803,
      "Week\u00b2": 0.0011268950980954523,
      "J%": 0.0007175551699566984,
      "Season": 0.0008696266445071515
    },
    "r_squared": 0.4467616676434608,
    "eta": 0.000683033018461069
  }
}