{
  "judge_model": {
    "coefficients": {
      "Intercept": 62.04963157206751,
      "Week": 4.571238397762828,
      "Week\u00b2": -0.1443465631400005,
      "Season": -0.07310376998355972
    },
    "std_errors": {
      "Intercept": 0.8220407543533981,
      "Week": 0.31760745499709164,
      "Week\u00b2": 0.029696891580534745,
      "Season": 0.022972648631795864
    },
    "r_squared": 0.35177723685021434
  },
  "fan_model": {
    "coefficients": {
      "Intercept": -2.264420824288747,
      "Week": 0.0038092806840712627,
      "Week\u00b2": 0.012281386217210729,
      "J%": 0.0006716667381017286,
      "Season": -0.013919227228219028
    },
    "std_errors": {
      "Intercept": 0.055634218443302706,
      "Week": 0.012749743144202578,
      "Week\u00b2": 0.001154834708272204,
      "J%": 0.0007353458336686857,
      "Season": 0.0008911876837626339
    },
    "r_squared": 0.4341199625875629,
    "eta": 0.0006716667381017286
  }
}