{
  "judge_model": {
    "coefficients": {
      "Intercept": 62.04963157206751,
      "Week": 4.571238397762828,
      "Week\u00b2": -0.1443465631400005,
      "Season": -0.07310376998355972
    },
    "std_errors": {
      "Intercept": 0.8220407543533981,
      "Week": 0.31760745499709164,
      "Week\u00b2": 0.029696891580534745,
      "Season": 0.022972648631795864
    },
    "r_squared": 0.35177723685021434
  },
  "fan_model": {
    "coefficients": {
      "Intercept": -2.2793860160471677,
      "Week": 0.005365003402318616,
      "Week\u00b2": 0.012113785722463563,
      "J%": 0.0008549040673879443,
      "Season": -0.01390571330984788
    },
    "std_errors": {
      "Intercept": 0.053537625989072746,
      "Week": 0.012269265193447376,
      "Week\u00b2": 0.0011113144108186891,
      "J%": 0.0007076341021254379,
      "Season": 0.0008576030046683535
    },
    "r_squared": 0.4539650333320242,
    "eta": 0.0008549040673879443
  }
}