Source,Judge_Var_Pct,Fan_Var_Pct
Pro Dancer (RE),28.63905619037214,31.04337286107977
Celebrity (RE),52.62690065538699,42.18728697505961
Season (RE),3.3784627553399913,9.439403522024097
Residual,15.35558039890087,17.329936641836525
