Source,Judge_Var_Pct,Fan_Var_Pct
Pro Dancer (RE),28.63905619037214,30.556668597279664
Celebrity (RE),52.62690065538699,42.245100433553894
Season (RE),3.3784627553399913,9.285712787447022
Residual,15.35558039890087,17.912518181719413
