Source,Judge_Var_Pct,Fan_Var_Pct
Pro Dancer,37.91883272579137,41.403916102584006
Celebrity,73.98739172659049,64.18727062961396
Season,4.581121108440064,10.65269004169315
Residual,-16.48734556082192,-16.243876773891117
