{
  "best_dynamic": {
    "rule_name": "Sigmoid(0.30,0.75,6)",
    "rule_type": "dynamic_sigmoid",
    "parameters": {
      "j_min": 0.3,
      "j_max": 0.7500000000000002,
      "steepness": 6.0
    },
    "metrics": {
      "J_early": 0.16809972674470164,
      "F_early": 0.8856966612818955,
      "J_late": 0.9219394829530104,
      "F_late": 0.03722775932078256,
      "Balance_traditional": 0.49977247025289534,
      "Balance_phased": 0.5833563404835685,
      "dynamic_pattern": 1.6023086581694217,
      "Score_balanced": 0.5701004160962906
    }
  },
  "best_static": {
    "rule_name": "Static_Rank(0.50)",
    "parameters": {
      "j_weight": 0.49999999999999994
    },
    "metrics": {
      "Balance_traditional": 0.5680675357969548,
      "Score_balanced": 0.4688144234990411
    }
  },
  "comparison": {
    "dynamic_wins": 5,
    "total_dimensions": 8
  }
}