Rule,J,F,Balance,J_change,F_change,Balance_change
Current (Pct 50-50),0.4543704190533266,0.7062499999999999,0.5529785671730085,0.0,0.0,0.0
Rank 50-50,0.664751115828407,0.704330083488925,0.68396850209068,46.301583015330344,-0.2718465856389276,23.688067258615675
Best Dynamic+Log,0.5717536446393936,0.6,0.5855363677515029,25.834257835409502,-15.044247787610615,5.887714734576337
Best Recommended (with Save),0.5397386649786791,0.6119928823119738,0.5735993283604304,18.78824904649731,-13.346140557596623,3.7290344348862066
